data_extracao;codigo;nome;telefone;logradouro;numero;latitude;longitude
10/03/2020 01:58;1;RODOVIÁRIA;3221-9371 ;LG VESPASIANO JULIO VEPPO ;0;-30,02399616;-51,21945127
10/03/2020 01:58;458;AV. DAS INDÚSTRIAS X AV. SEVERO DULLIUS; ;AV. DAS INDÚSTRIAS ;1344;-29,98727767;-51,16983678
10/03/2020 01:58;327;DOM PEDRO II X CORCOVADO; ;R DOM PEDRO II ;1551;-30,0206083;-51,18628405
10/03/2020 01:58;24;SHOPPING CENTER IGUATEMI II;4141-4695;AV JOAO WALLIG ;1800;-30,02544875;-51,16320928
10/03/2020 01:58;60;RAMALHETE X TENENTE ALPOIN;3339-1241 ;R RAMALHETE;105;-30,06730172;-51,17682511
10/03/2020 01:58;68;MUCIO TEIXEIRA C/ AURELIANO DE FIGUEIREDO PINTO;3226-5109 ;R MUCIO TEIXEIRA ;10;-30,04380072;-51,22332745
10/03/2020 01:58;105;MARCILIO DIAS X GETULIO VARGAS;3231-0808 ;R MARCILIO DIAS ;763;-30,04979262;-51,22185944
10/03/2020 01:58;183;SILVEIRO X RADIO E TV GAUCHA; ;R SILVEIRO ;1220;-30,07053473;-51,23092541
10/03/2020 01:58;113;HOFFMANN X CRISTÓVÃO COLOMBO;3222-8176 ;R HOFFMANN ;710;-30,02150405;-51,20741691
10/03/2020 01:58;121;MAXXI ATACADO HUMAITÁ;3374-1663 ;AV A J RENNER ;1603;-29,98239065;-51,1926002
10/03/2020 01:58;100;JOÃO PESSOA X VENÂNCIO AIRES;3212-4398 ;AV JOAO PESSOA ;1105;-30,0411891;-51,2164531
10/03/2020 01:58;267;DAN INN CONCEIÇÃO;3226-6498;R VIGARIO JOSE IGNACIO ;618;-30,031065;-51,22580341
10/03/2020 01:58;295;PINTO BANDEIRA X VOLUNTÁRIOS DA PÁTRIA; ;R PINTO BANDEIRA ;280;-30,02669815;-51,22243251
10/03/2020 01:58;399;SIOMA BREITMAN X NILO PEÇANHA; ;RUA SIOMA BREITMAN ;495;-30,03459673;-51,1851928
10/03/2020 01:58;40;FREDERICO MENTZ, 1530; ;R FREDERICO MENTZ ;1561;-29,9960514;-51,20227883
10/03/2020 01:58;85;SANTA TERESINHA X VENÂNCIO AIRES;3330-5831 ;R SANTA TEREZINHA ;79;-30,03783291;-51,21101678
10/03/2020 01:58;411;24 DE OUTUBRO X AUXILIADORA; ;R VINTE QUATRO DE OUTUBRO ;1728;-30,02167571;-51,19145272
10/03/2020 01:58;66;FORUM CENTRAL;3224-1379 ;R MARCIO L VERAS VIDOR ;10;-30,04447918;-51,23082236
10/03/2020 01:58;453;FERNANDO FERRARI; ;R. FERNANDO FERRARI ;1001;-29,97496724;-51,16697462
10/03/2020 01:58;456;VENÂNCIO AIRES X JOÃO PESSOA; ;AV VENANCIO AIRES ;355;-30,04125344;-51,21639437
10/03/2020 01:58;475;Paraguai x Cabral;;R PARAGUAI;50;-30,028339;-51,228538
10/03/2020 01:58;397;SERTÓRIO X FARRAPOS; ;AV SERTORIO ;615;-29,99996176;-51,1996065
10/03/2020 01:58;438;BARÃO DO COTEGIPE X DOM PEDRO II; ;R BARAO DO COTEGIPE ;400;-30,009261;-51,18861681
10/03/2020 01:58;370;CEL. MARCOS X DÉA COFAL; ;AV CEL MARCOS ;2519;-30,13227987;-51,23363663
10/03/2020 01:58;401;TIBURCIO X CORTE REAL X IPIRANGA; ;R GEN TIBURCIO ;50;-30,04959918;-51,19478025
10/03/2020 01:58;2;SALDANHA MARINHO X GETÚLIO VARGAS;3233-5680 ;R SALDANHA MARINHO ;30;-30,05765501;-51,22255491
10/03/2020 01:58;56;PEDRO AUGUSTO BITTENCOURT X JUCA BATISTA;3248-2310 ;AV CEL PEDRO AUGUSTO BITTENCOURT ;10;-30,14246623;-51,21793113
10/03/2020 01:58;112;HOSPITAL PRONTO SOCORRO (HPS);3331-4731 ;R AUGUSTO PESTANA ;10;-30,03718481;-51,20923717
10/03/2020 01:58;167;ESCOBAR X OTTO NIEMEYER; ;TRAV. ESCOBAR ;336;-30,10403906;-51,23629647
10/03/2020 01:58;347;GENUINO X BORGES DE MEDEIROS; ;R CEL GENUINO ;342;-30,03680718;-51,22788287
10/03/2020 01:58;447;GUILHERME SCHELL (ESPM); ;R. GUILHERME SCHELL ;268;-30,05447338;-51,20725664
10/03/2020 01:58;150;ARY DE ABREU LIMA X AV DO FORTE; ;AV ENG ARY DE ABREU LIMA ;5;-30,02583309;-51,15105138
10/03/2020 01:58;454;JOÃO ALFREDO X; ;R. JOÃO ALFREDO ;487;-30,04127739;-51,22527749
10/03/2020 01:58;325;COUTO DE MAGALHAES X PORTUGAL; ;R GEN COUTO DE MAGALHAES ;1868;-30,01462254;-51,18298413
10/03/2020 01:58;480;HOTEL COMFORT;;AV LOUREIRO DA SILVA;1670;-30,028339;-51,228538
10/03/2020 01:58;72;SERTÓRIO X PRESIDENTE ROOSEVELT;3337-3042 ;AV SERTORIO ;473;-29,99960949;-51,20124223
10/03/2020 01:58;122;PADRE CHAGAS X LUCIANA DE ABREU;3222-7481 ;R PADRE CHAGAS ;242;-30,02489967;-51,2033609
10/03/2020 01:58;352;IRMÃO JOSE OTÃO X SANTO ANTONIO; ;R IRMAO JOSE OTAO ;540;-30,0314343;-51,2131414
10/03/2020 01:58;51;CAPITÓLIO;3224-3223 ;AV BORGES DE MEDEIROS ;1080;-30,03624387;-51,22803643
10/03/2020 01:58;63;PRAÇA PINHEIRO MACHADO X FARRAPOS; ;AV PATRIA ;613;-30,00621233;-51,20163659
10/03/2020 01:58;228;CALDAS JUNIOR X SETE DE SETEMBRO; ;R CALDAS JUNIOR ;180;-30,02999231;-51,23212543
10/03/2020 01:58;460;AV. ASSIS BRASIL X AV. FRANCISCO TREIN; ;AV. ASSIS BRASIL ;2611;-30,01090203;-51,16106251
10/03/2020 01:58;25;SAPÉ X FRANCISCO TREIN;3361 4088 ;R SAPE ;525;-30,01790526;-51,15854089
10/03/2020 01:58;61;FERNANDES VIEIRA X VASCO DA GAMA;3222-8931 ;R FERNANDES VIEIRA ;261;-30,03168769;-51,2109191
10/03/2020 01:58;79;HOSPITAL MOINHOS DE VENTO;3311-3588 ;R RAMIRO BARCELOS ;919;-30,0270643;-51,20924973
10/03/2020 01:58;201;VASCO ALVES X WASHINGTON LUIZ; ;R GEN VASCO ALVES ;490;-30,03569;-51,23758466
10/03/2020 01:58;329;CARNEIRO DA FONTOURA X ASSIS BRASIL; ;AV CARNEIRO DA FONTOURA ;28;-30,01134948;-51,16628431
10/03/2020 01:58;120;SEBASTIÃO LEÃO EM FRENTE AO HOSPITAL PORTO ALEGRE;3221-5595 ;R DR SEBASTIAO LEAO ;99;-30,04499707;-51,21720468
10/03/2020 01:58;149;DIOMARIO MOOJEN X CAMPOS VELHO; ;R DIOMARIO MOOJEN ;30;-30,09281535;-51,23690951
10/03/2020 01:58;83;KASTELÃO TERESÓPOLIS;3336-2635 ;AV TERESOPOLIS ;2888;-30,07896183;-51,20884775
10/03/2020 01:58;291;TEATRO DA OSPA; ;R GEN JOAO TELLES ;10;-30,02956654;-51,21186894
10/03/2020 01:58;353;ITABORAI X BARÃO DO AMAZONAS; ;R ITABORAI ;677;-30,05146015;-51,18696882
10/03/2020 01:58;396;SERGIO JUNGBLUT DIETRICH X SERTÓRIO; ;R SERGIO JUNGBLUT DIETERICH ;10;-29,99746453;-51,14274921
10/03/2020 01:58;478;Jerônimo Zelmanovitz x Assis Brasil;;R JERONYMO ZELMANOVITZ;60;-30,028339;-51,228538
10/03/2020 01:58;145;BOURBON COUNTRY;3328-0403 ;AV TULIO DE ROSE ;80;-30,02276442;-51,16223837
10/03/2020 01:58;351;IRMÃO JOSÉ OTÃO X THOMAS FLORES; ;R IRMAO JOSE OTAO ;190;-30,0306323;-51,21652924
10/03/2020 01:58;45;SARMENTO LEITE X LIMA E SILVA;3221-8393 ;R SARMENTO LEITE ;880;-30,03667553;-51,22332211
10/03/2020 01:58;59;PUC UNIVERSIDADE;3339-1133 ;AV IPIRANGA ;6681;-30,05811938;-51,17644177
10/03/2020 01:58;280;TANAUI DA S BOEIRA X JOÃO DE O REMIÃO;33193030;R TANAUI DA SILVA BOEIRA ;10;-30,12422025;-51,10450474
10/03/2020 01:58;434;VEADOR PORTO X IPIRANGA; ;R VEADOR PORTO ;795;-30,04896767;-51,19738148
10/03/2020 01:58;305;ASSIS BRASIL X ITARARÉ; ;AV ASSIS BRASIL ;2201;-30,01164404;-51,16543994
10/03/2020 01:58;412;VOLUNTARIOS DA PATRIA X POLONIA; ;R VOLUNTARIOS DA PATRIA ;3223;-30,00621972;-51,20849871
10/03/2020 01:58;48;SANTA CECÍLIA X IPIRANGA (ZAFFARI);3331-0649 ;R SANTA CECILIA ;1143;-30,04563628;-51,19913182
10/03/2020 01:58;380;OSCAR PEREIRA X PRAÇA DA SAUDADE; ;AV PROF OSCAR PEREIRA ;400;-30,05484512;-51,21103217
10/03/2020 01:58;400;TEIXEIRA MENDES X NILO PEÇANHA; ;AV TEIXEIRA MENDES ;1309;-30,02874255;-51,1658299
10/03/2020 01:58;420;INDEPENDÊNCIA; ;AV INDEPENDENCIA ;813;-30,02945627;-51,2130118
10/03/2020 01:58;80;CAERGS;3288-1200 ;AV BORGES DE MEDEIROS ;1501;-30,04038358;-51,22863001
10/03/2020 01:58;101;ANITA GARIBALDI X FABIO N BARROS;3328-1891 ;R ANITA GARIBALDI ;1985;-30,02306509;-51,17599962
10/03/2020 01:58;123;ZAFFARI LIMA E SILVA;4141-4158;R LUIZ AFONSO ;143;-30,03858946;-51,22048106
10/03/2020 01:58;358;JOÃO ZANENGA X ASSIS BRASIL; ;R JOAO ZANENGA ;11;-30,01023646;-51,15546592
10/03/2020 01:58;55;HOSPITAL NOSSA SENHORA DA CONCEIÇÃO;3341-5688 ;AV FRANCISCO TREIN ;557;-30,01627887;-51,15928838
10/03/2020 01:58;161;PRAÇA ALBERTO PASQUALINI; ;AV ALBERTO PASQUALINI ;240;-30,02997162;-51,1451694
10/03/2020 01:58;436;BIG SHOPPING EDUARDO PRADO;3250-6064 ;AV, EDUARDO PRADO 330 ;1194;-30,12920884;-51,21865108
10/03/2020 01:58;30;TERMINAL ANTÔNIO DE CARVALHO;3336-5841 ;AV ANTONIO CARVALHO ;44;-30,06514332;-51,15105856
10/03/2020 01:58;132;FELIZARDO X FELIZARDO FURTADO;3330-1192 ;R FELIZARDO FURTADO ;649;-30,04921062;-51,18369016
10/03/2020 01:58;135;POSTO GLÓRIA;3339-0456 ;AV PROF OSCAR PEREIRA ;2728;-30,07429384;-51,20238165
10/03/2020 01:58;223;JOAO PESSOA X AVAI; ;AV JOÃO PESSOA ;85;-30,03317407;-51,22267423
10/03/2020 01:58;417;DEMETRIO RIBEIRO X GEN BENTO MARTINS; ;R DEMETRIO RIBEIRO ;551;-30,03576154;-51,23379305
10/03/2020 01:58;485;Polônia x Rio Grande;;AV POLONIA;255;-30,00753406;-51,20680332
10/03/2020 01:58;31;ASSIS BRASIL, 6464;3364-1234 ;AV ASSIS BRASIL ;6476;-29,99427503;-51,12961696
10/03/2020 01:58;237;BORGES DE MEDEIROS X PRAÇA MONTEVIDEO; ;AV BORGES DE MEDEIROS ;262;-30,02862975;-51,22801119
10/03/2020 01:58;249;SR DOS PASSOS X VOLUNTARIOS DA PATRIA; ;R SENHOR DOS PASSOS ;30;-30,02734084;-51,22400025
10/03/2020 01:58;86;BOTAFOGO X AZENHA;3223-3555 ;R BOTAFOGO ;1455;-30,05516258;-51,21513849
10/03/2020 01:58;310;AZENHA X IPIRANGA; ;AV DA AZENHA ;366;-30,04703717;-51,21370077
10/03/2020 01:58;256;SENHOR DOS PASSOS X ANDRADAS; ;R SENHOR DOS PASSOS ;259;-30,02942922;-51,22336987
10/03/2020 01:58;292;ANNES DIAS X PRAÇA DOM FELICIANO; ;R PROF ANNES DIAS ;155;-30,03077375;-51,22339897
10/03/2020 01:58;369;MARCILIO DIAS X AZENHA; ;R MARCILIO DIAS ;1565;-30,05048874;-51,2133247
10/03/2020 01:58;70;AUXILIADORA X 24 DE OUTUBRO;(51) 3337-2121;R AUXILIADORA ;268;-30,02167502;-51,19089981
10/03/2020 01:58;355;JOÃO INACIO X CEARA; ;R DR JOAO INACIO ;1366;-30,00314697;-51,19235722
10/03/2020 01:58;466;FRANCISCO RODOLFO SIMCH X JOAO LUDERIZT; ;AV ENG FRANCISCO RODOLFO SIMCH ;117;-30,00673942;-51,13492499
10/03/2020 01:58;262;NOVOTEL;3331-1600 ;AV SOLEDADE ;555;-30,03276677;-51,17911807
10/03/2020 01:58;366;LUCAS DE OLIVEIRA X PEDRO IVO; ;AV CEL LUCAS DE OLIVEIRA ;845;-30,02969858;-51,19457421
10/03/2020 01:58;433;SETE DE SETEMBRO X TRAV ARAÚJO RIBEIRO; ;R SETE DE SETEMBRO ;601;-30,03072422;-51,23443207
10/03/2020 01:58;213;BORGES DE MEDEIROS X DEMETRIO RIBEIRO; ;AV BORGES DE MEDEIROS ;1057;-30,03603581;-51,22814971
10/03/2020 01:58;222;LUIZ AFONSO X JOSE DO PATROCINIO; ;R LUIZ AFONSO ;395;-30,04008546;-51,22285335
10/03/2020 01:58;258;HOTEL PLAZA SÃO RAFAEL;3227-8014 ;AV ALBERTO BINS ;514;-30,02799622;-51,22142972
10/03/2020 01:58;283;AUGUSTO SEVERO;3362-1213 ;R AUGUSTO SEVERO ;15;-30,00719254;-51,18886823
10/03/2020 01:58;27;ERNESTO DA FONTOURA X BENJAMIN CONSTANT;3342-9714 ;R ERNESTO FONTOURA ;1510;-30,01050975;-51,19313979
10/03/2020 01:58;69;TRT PRAIA DE BELAS;3231-5195 ;R MARCILIO DIAS ;200;-30,04901778;-51,2277999
10/03/2020 01:58;177;ERECHIM X NONOAI; ;R ERECHIM ;782;-30,08891856;-51,21727921
10/03/2020 01:58;229;PRAÇA MARECHAL DEODORO(TEATRO SÃO PEDRO); ;R GEN CAMARA ;521;-30,0318817;-51,23015917
10/03/2020 01:58;270;CABRAL;3379-1744 ;R CABRAL ;15;-30,03308343;-51,20822586
10/03/2020 01:58;372;MARILAND X AMERICA; ;AV MARILAND ;431;-30,01856392;-51,1942766
10/03/2020 01:58;393;SÃO MANOEL X LEOPOLDO BIER; ;R SAO MANOEL ;1213;-30,04468322;-51,20456379
10/03/2020 01:58;17;BOURBON ASSIS BRASIL;3343-5607 ;AV ASSIS BRASIL ;200;-30,00814565;-51,18398387
10/03/2020 01:58;76;JERÔNIMO DE ORNELAS X JACINTO GOMES;3223-2512 ;AV JERONIMO DE ORNELAS ;601;-30,04030566;-51,20936089
10/03/2020 01:58;415;BERNARDINO AMORIM X SATURNINO VANDERLOTE; ;AV BERNARDINO SILVEIRA DE AMORIM ;3450;-30,00578796;-51,09686702
10/03/2020 01:58;57;PRAÇA GUIA LOPES (TERESÓPOLIS - FIM DA LINHA);3336-3342 ; ;0;-30,08106774;-51,21223105
10/03/2020 01:58;224;SHOPPING NOVA OLARIA; ;R GEN LIMA E SILVA ;776;-30,03928985;-51,22010299
10/03/2020 01:58;333;CINCO DE NOVEMBRO X SEPÉ TIARAJÚ; ;AV CINCO DE NOVEMBRO ;30;-30,0755953;-51,21446975
10/03/2020 01:58;41;PRAIA DE BELAS SHOPPING;(51) 3231-4433;AV BORGES DE MEDEIROS ;2700;-30,05115755;-51,22970631
10/03/2020 01:58;410;24 DE OUTUBRO X MARILAND; ;R VINTE QUATRO DE OUTUBRO ;1427;-30,02221704;-51,19431182
10/03/2020 01:58;119;PANAMERICANA X CATAMARCA;3344-4490 ;AV PANAMERICANA ;104;-30,0095878;-51,15122584
10/03/2020 01:58;96;ÁLVARO ALVIM (HCPA);3331-0524 ;RUA PROF. ÁLVARO ALVIM ;436;-30,03737725;-51,19763946
10/03/2020 01:58;444;ASSIS BRASIL (FORO SARANDI); ;AV. ASSIS BRASIL ;7625;-29,98688513;-51,12107032
10/03/2020 01:58;337;FARRAPOS X CONDE DE PORTO ALEGRE; ;AV FARRAPOS ;1962;-30,01493051;-51,20560239
10/03/2020 01:58;348;GIORDANO BRUNO X PROTÁSIO ALVES; ;R GIORDANO BRUNO ;388;-30,03717544;-51,20646251
10/03/2020 01:58;208;ANDRADAS X JOÃO MANOEL; ;R GEN JOAO MANOEL;290;-30,03123636;-51,23344543
10/03/2020 01:58;402;ANEXO Hospital Moinhos de Ventos; ;R TIRADENTES ;333;-30,0244542;-51,20817979
10/03/2020 01:58;187;ORFANOTROFIO (UNIVERSIDADE UNIRITTER); ;R ORFANOTROFIO ;570;-30,0806465;-51,21933911
10/03/2020 01:58;209;SIQUEIRA CAMPOS X JOÃO MANOEL; ;R SIQUEIRA CAMPOS ;735;-30,02973972;-51,23437621
10/03/2020 01:58;232;CAPITÃO MONTANHA X SIQUEIRA CAMPOS; ;R CAPITÃO MONTANHA ;37;-30,02855487;-51,2323768
10/03/2020 01:58;6;BARRA SHOPPING SUL;3266-6514 ;AV DIARIO DE NOTICIAS ;0;-30,0812041;-51,24638351
10/03/2020 01:58;65;HOSPITAL MÃE DE DEUS;3233-9531 ;R JOSE DE ALENCAR ;286;-30,05962507;-51,22882763
10/03/2020 01:58;251;JUSTIÇA FEDERAL (ANEXO); ;R OTAVIO FRANCISCO CARUSO DA ROCHA ;600;-30,04010069;-51,23477796
10/03/2020 01:58;166;CEL MASSOT X CEL ARISTIDES; ;R CEL MASSOT ;400;-30,10026654;-51,24466976
10/03/2020 01:58;269;HOSPITAL SANTA CASA (ÁREA INTERNA);32125526;AV INDEPENDENCIA ;155;-30,02955912;-51,21992694
10/03/2020 01:58;335;FARIA SANTOS X ARTIGAS; ;R FARIA SANTOS ;589;-30,04808937;-51,19122567
10/03/2020 01:58;21;JOÃO PESSOA (CENTRO COMERCIAL);3223-7447 ;AV JOAO PESSOA ;1788;-30,04536202;-51,21307632
10/03/2020 01:58;131;BEZERRA DE MENEZES X ASSIS BRASIL;3361-3372 ;R BEZERRA DE MENEZES;102;-30,0117254;-51,16910396
10/03/2020 01:58;452;MARQUÊS DO HERVAL X QUINTINO BOCAIÚVA; ;R. MARQUÊS DO HERVAL ;540;-30,02121306;-51,19886278
10/03/2020 01:58;97;OSCAR BITTENCOURT X JOSÉ DE ALENCAR;3233-2297 ;R DR OSCAR BITTENCOURT ;203;-30,06008925;-51,22475799
10/03/2020 01:58;253;HOTEL TULIP INN;3221-5477 ;AV ALBERTO BINS ;308;-30,02813231;-51,22363816
10/03/2020 01:58;405;VENANCIO AIRES X AUGUSTO PESTANA; ;AV VENANCIO AIRES ;1355;-30,03684344;-51,20893934
10/03/2020 01:58;374;MONTEIRO LOBATO X SÃO MANOEL; ;R MONTEIRO LOBATO ;236;-30,05391333;-51,1970085
10/03/2020 01:58;482;PADRE CACIQUE(BEIRA RIO);;AV PADRE CACIQUE;891;-30,028339;-51,228538
10/03/2020 01:58;357;JERONIMO DE ORNELAS X SANTANA; ;AV JERONIMO DE ORNELAS ;287;-30,04189233;-51,21185058
10/03/2020 01:58;375;MOURA AZEVEDO X PRES FRANKLIN ROOSEVELT; ;R MOURA AZEVEDO ;517;-30,01131932;-51,20448396
10/03/2020 01:58;20;SILVA JARDIM X ANITA GARIBALDI;3331-2612 ;R SILVA JARDIM ;581;-30,0271926;-51,19005908
10/03/2020 01:58;230;GEN CAMARA X GEN ANDRADE NEVES; ;R GEN CAMARA ;376;-30,03073338;-51,22994825
10/03/2020 01:58;284;TRIBUNAL DE JUSTIÇA ESTADUAL;32110505;AV BORGES DE MEDEIROS ;1565;-30,04294623;-51,22887485
10/03/2020 01:58;35;GENERAL PORTINHO X ANDRADAS;3228-7541 ;R GEN PORTINHO ;199;-30,03258918;-51,2374129
10/03/2020 01:58;345;FRANCISCO TREIN X PR SADY CONCEIÇÃO; ;AV FRANCISCO TREIN ;596;-30,01631758;-51,15915801
10/03/2020 01:58;94;JARDIM PLANALTO;3347-2590 ;R VITORIO FRANCISCO GIORDANI ;300;-30,01092165;-51,1356638
10/03/2020 01:58;362;MIN DE OLIVEIRA LIMA X PRESIDENTE JUAREZ; ;R MINISTRO OLIVEIRA LIMA ;21;-30,0039072;-51,14646443
10/03/2020 01:58;403;TITO ZAMBECARI X LUCAS DE OLIVEIRA; ;R TITO LIVIO ZAMBECARI ;167;-30,02873451;-51,1944849
10/03/2020 01:58;128;CUNHA LOUZADA X OSCAR PEREIRA;3339-6812 ;R GEN CUNHA LOUZADA ;10;-30,06937383;-51,2047192
10/03/2020 01:58;299;ABILIO AZAMBUJA X SÃO BENEDITO, PROF.; ;R PROF ABILIO AZAMBUJA ;555;-30,04802983;-51,16659282
10/03/2020 01:58;450;MONTE CRISTO X EDUARDO PRADO; ;AV. MONTE CRISTO ;1194;-30,12330653;-51,22150007
10/03/2020 01:58;102;SHOPPING CENTER IGUATEMI;3334-5545 ;AV JOAO WALLIG ;1800;-30,02544875;-51,16320928
10/03/2020 01:58;220;ZERO HORA; ;R ZERO HORA ;5;-30,04834904;-51,21736294
10/03/2020 01:58;243;MAL FLORIANO PEIXOTO X ANDRADAS; ;R MARECHAL FLORIANO PEIXOTO ;91;-30,02977078;-51,22687454
10/03/2020 01:58;294;COMENDADOR MANOEL PEREIRA X CEL VICENTE; ;R COMENDADOR MANOEL PEREIRA ;72;-30,02595107;-51,22173948
10/03/2020 01:58;13;CARAZINHO X PROTÁSIO ALVES;3334-3123 ;AV PROTASIO ALVES ;2657;-30,04340486;-51,18258903
10/03/2020 01:58;44;CORONEL BORDINI X 24 DE OUTUBRO;3342-5319 ;R CEL BORDINI ;509;-30,02251843;-51,19700871
10/03/2020 01:58;328;CARLOS S. MARTINS PACHECO X ASSIS BRASIL; ;R CARLOS SILVEIRA MARTINS PACHECO ;114;-30,01074627;-51,15942754
10/03/2020 01:58;12;CASTRO DE MENEZES X WENCESLAU ESCOBAR;3264-6299 ;R DR CASTRO DE MENEZES ;700;-30,10173558;-51,24897166
10/03/2020 01:58;324;CONCEIÇÃO X PASSARELA DA RODOVIARIA; ;R DA CONCEICAO ;127;-30,02426168;-51,21955203
10/03/2020 01:58;321;CARLOS P. DE BRUM X FERNANDO M. RIBEIRO; ;R CARLOS PESSOA DE BRUM ;150;-30,0571673;-51,20669018
10/03/2020 01:58;73;CAVALHADA/OTTO;3249-2193 ;R AFONSO ARINOS ;1016;-30,10183766;-51,23181622
10/03/2020 01:58;252;SANTA MARIA X BENTO GONÇALVES; ;R SANTA MARIA ;27;-30,06205919;-51,16777568
10/03/2020 01:58;451;FRANCISCO PETUCO X PLINIO BRASIL MILANO; ;AV FRANCISCO PETUCO ;45;-30,01949809;-51,1755871
10/03/2020 01:58;365;GAL. LIMA E SILVA X LUIZ AFONSO; ;R GEN LIMA E SILVA ;606;-30,03834265;-51,2213245
10/03/2020 01:58;377;NEUSA GOULART BRIZOLA X VICENTE DA FONT.; ;AV NEUSA GOULART BRIZOLA ;2629;-30,03977721;-51,19740613
10/03/2020 01:58;477;Vigário José Inácio x Gal. Vitorino;;R VIGARIO JOSE IGNACIO;535;-30,028339;-51,228538
10/03/2020 01:58;247;ANNES DIAS X INDEPENDENCIA; ;R PROF ANNES DIAS ;285;-30,02973359;-51,22188317
10/03/2020 01:58;108;DIVINO;3321-4545 ;AV JOSE BONIFACIO ;753;-30,03642027;-51,21034324
10/03/2020 01:58;424;GENL LIMA E SILVA X LOUREIRO DA SILVA; ;R GEN LIMA E SILVA ;200;-30,03576654;-51,22469199
10/03/2020 01:58;8;HOSPITAL DA PUC;3336-5921 ;AV IPIRANGA ;6690;-30,05747143;-51,17640599
10/03/2020 01:58;62;JOSÉ INÁCIO DA SILVA C/ BRASILIANO ÍNDIO DE MORAIS;3341-8280 ;R MARECHAL JOSE INACIO DA SILVA ;17;-30,00920523;-51,17901627
10/03/2020 01:58;141;DEZESSETE DE JUNHO X GETÚLIO VARGAS;3227-9786 ;R DEZESSETE DE JUNHO ;755;-30,04750079;-51,2216566
10/03/2020 01:58;91;CENTRO CLÍNICO MÃE DE DEUS;3231-9591 ;R COSTA ;30;-30,05834711;-51,2295361
10/03/2020 01:58;116;VALPARAÍSO X BARÃO DO AMAZONAS;3336-2748 ;R VALPARAISO ;539;-30,05342791;-51,18881124
10/03/2020 01:58;204;VASCO ALVES X DUQUE DE CAXIAS; ;R GEN VASCO ALVES ;339;-30,03444367;-51,23820444
10/03/2020 01:58;455;DOM PEDRO X AMÉRICO VESPÚCIO; ;R DOM PEDRO II ;592;-30,0123853;-51,18813162
10/03/2020 01:58;471;Gomes Jardim x Leopoldo Bier;;R GOMES JARDIM;253;-30,028339;-51,228538
10/03/2020 01:58;389;RAMIRO BARCELOS X MOSTARDEIROS; ;R RAMIRO BARCELOS ;1101;-30,02863284;-51,20864241
10/03/2020 01:58;388;PRAIA DE BELAS X COSTA; ;AV PRAIA DE BELAS ;2254;-30,05837546;-51,22986892
10/03/2020 01:58;52;JOÃO ABOTT X PROTÁSIO ALVES;3331-1212 ;R JOAO ABBOTT ;12;-30,04277418;-51,18959728
10/03/2020 01:58;134;PRAÇA JULIO DE CASTILHOS;3222-5845 ;PRAÇA JÚLIO DE CASTILHOS ;19;-30,02891414;-51,20835081
10/03/2020 01:58;114;HOSPITAL BANCO DE OLHOS;3344-5513 ;R ENG WALTER BOEHL ;285;-30,02207408;-51,15385726
10/03/2020 01:58;334;ENIO AVELINI DA ROCHA X EDUARDO PRADO; ;R ENIO AVELINE DA ROCHA ;8;-30,13050518;-51,21811259
10/03/2020 01:58;394;SÃO SIMÃO X PROTASIO ALVES; ;R SAO SIMAO ;49;-30,04148678;-51,16941532
10/03/2020 01:58;429;PLINIO BRASIL MILANO; ;AV PLINIO BRASIL MILANO ;2175;-30,01560236;-51,17185841
10/03/2020 01:58;110;FELIZARDO X BARÃO DO AMAZONAS;3332-4977 ;R FELIZARDO ;300;-30,04991147;-51,18684871
10/03/2020 01:58;90;PROTASIO ALVES X PROF. DUPLAN;3388-8796 ;R PROF DUPLAN ;14;-30,03887491;-51,20105064
10/03/2020 01:58;81;CONDOMÍNIO JARDIM AMÉRICA;3217-0833 ;R MOYSES ANTUNES DA CUNHA ;55;-30,06012301;-51,20658089
10/03/2020 01:58;457;BELIZE X JOÃO ANTÔNIO DA SILVEIRA; ;RUA BELIZE ;100;-30,15627788;-51,14082157
10/03/2020 01:58;430;PROTÁSIO ALVES X JAIME TELLES; ;AV PROTASIO ALVES ;1578;-30,040967;-51,19210847
10/03/2020 01:58;133;BENTO GONÇALVES X APARÍCIO BORGES;3339-2633 ;AV BENTO GONCALVES;2905;-30,06388806;-51,18601299
10/03/2020 01:58;467;BECO SOUZA COSTA X AV PROTASIO ALVES; ;BC SOUZA COSTA ;58;-30,04347294;-51,13689039
10/03/2020 01:58;363;PROF. LANGENDONCK X PROTASIO ALVES; ;R PROF LANGENDONCK ;37;-30,04344256;-51,18925842
10/03/2020 01:58;378;NILOPOLIS X CARAZINHO; ;AV NILOPOLIS ;540;-30,03672054;-51,18702557
10/03/2020 01:58;487;Bento Gonçalves 1515;;AV BENTO GONCALVES;1515;-30,0564656;-51,19809151
10/03/2020 01:58;146;RODOVIÁRIA (ANEXO/NOTURNO); ;R DA CONCEICAO ;120;-30,02426168;-51,21955203
10/03/2020 01:58;419;PRES FRANKLIN ROOSEVELT X SERTÓRIO; ;AV PRESIDENTE FRANKLIN ROOSEVELT ;168;-30,00139861;-51,20034664
10/03/2020 01:58;281;JOÃO DE OLIVEIRA REMIÃO - PARADA 21;33197059;ESTR JOAO DE OLIVEIRA REMIAO ;8640;-30,13549884;-51,09436748
10/03/2020 01:58;360;JOSÉ DO PATROCINIO X JOAQUIM NABUCO; ;R JOSE DO PATROCINIO ;851;-30,0420386;-51,22106474
10/03/2020 01:58;385;PRAIA DE BELAS X CECILIA MEIRELES 1; ;AV PRAIA DE BELAS ;1181;-30,04894255;-51,22792564
10/03/2020 01:58;421;IPIRANGA X AZENHA; ;AV IPIRANGA ;1801;-30,04721383;-51,21177517
10/03/2020 01:58;7;HOSPITAL CRISTO REDENTOR;3345-1858 ;R DOMINGOS RUBBO ;51;-30,01020385;-51,15909064
10/03/2020 01:58;313;BERLIM X PARÁ; ;AV BERLIM ;409;-30,01331591;-51,199852
10/03/2020 01:58;198;ERICO VERISSIMO X VISCONDE DO HERVAL; ;AV ERICO VERISSIMO ;960;-30,05370494;-51,21834817
10/03/2020 01:58;276;SHOPPING TOTAL (ÁREA INTERNA);3018-8818 ;AV CRISTOVAO COLOMBO ;545;-30,02561627;-51,21264187
10/03/2020 01:58;439;ARY TARRAGÔ(RESIDENCIAL ALTO PETRÓPOLIS); ;R TEN ARY TARRAGO ;340;-30,03924466;-51,13562148
10/03/2020 01:58;472;Lima e Silva x República;;R GEN LIMA E SILVA;461;-30,028339;-51,228538
10/03/2020 01:58;140;SÃO PEDRO X BAHIA;3343-5217 ;AV SAO PEDRO ;893;-30,01120844;-51,20040241
10/03/2020 01:58;315;BORDINI, CEL X 24 DE OUTUBRO; ;R CEL BORDINI ;643;-30,02344487;-51,19685556
10/03/2020 01:58;322;CIPO X FRANCISCO BITENCOURT/ARY R LIMA; ;R CIPO ;270;-30,0202897;-51,1614749
10/03/2020 01:58;22;ISMAEL CHAVES BARCELOS C/ BORGES DE MEDEIROS;3224-9803 ;R ISMAEL CHAVES BARCELOS ;0;-30,04406951;-51,22889921
10/03/2020 01:58;106;MADRE ANA X OSCAR PEREIRA;3339-2777 ;R MADRE ANA ;314;-30,0785637;-51,19868673
10/03/2020 01:58;383;PLINIO BRASIL MILANO X EDUARDO CHARTER; ;AV PLINIO BRASIL MILANO ;1120;-30,02044578;-51,18004923
10/03/2020 01:58;406;VERISSIMO ROSA X BENTO GONÇALVES; ;R VERISSIMO ROSA ;44;-30,05725304;-51,1955344
10/03/2020 01:58;486;Nilo Peçanha;;AV DR NILO PECANHA;1640;-30,02777652;-51,17485285
10/03/2020 01:58;18;PORTUGUESA X BENTO GONÇALVES;3336-8635 ;RUA PORTUGUESA ;10;-30,05931572;-51,19284142
10/03/2020 01:58;127;1º DE SETEMBRO X BENTO GONÇALVES;3336-5993 ;R PRIMEIRO DE SETEMBRO ;10;-30,06226228;-51,16451582
10/03/2020 01:58;245;VIG JOSE INACIO X JULIO DE CASTILHOS; ;R VIGARIO JOSE IGNACIO ;114;-30,02640659;-51,22574438
10/03/2020 01:58;147;IGREJA SANTO ANTONIO; ;R TOMAZ EDISON ;61;-30,05908105;-51,20143
10/03/2020 01:58;303;ARI MARINHO X JOSÉ INACIO DA SILVA, MAL; ;R ARI MARINHO ;297;-30,01328336;-51,17956516
10/03/2020 01:58;36;PRAÇA DOM SEBASTIÃO;32240810;AV INDEPENDENCIA ;275;-30,02949802;-51,21876371
10/03/2020 01:58;54;MONTE CRISTO X RODRIGUES DA FONSECA;3248-1286 ;AV MONTE CRISTO;33;-30,11783494;-51,20798022
10/03/2020 01:58;277;RAMIRO BARCELOS;3328-5535 ;R RAMIRO BARCELOS ;1859;-30,03553263;-51,20843581
10/03/2020 01:58;445;AZEVEDO X CONDE DE PORTO ALEGRE; ;TRAVESSA AZEVEDO ;56;-30,01541193;-51,20511254
10/03/2020 01:58;425;GEN LIMA E SILVA X VENÂNCIO AIRES; ;R GEN LIMA E SILVA ;1100;-30,04175614;-51,21781794
10/03/2020 01:58;392;SANTO INACIO X HILARIO RIBEIRO; ;R SANTO INACIO ;96;-30,0243581;-51,20646666
10/03/2020 01:58;465;AV. INDEPENDÊNCIA; ;AV INDEPENDENCIA ;581;-30,02937092;-51,21555678
10/03/2020 01:58;71;MOINHOS SHOPPING;3222-0874 ;R FELIX DA CUNHA ;1099;-30,02299235;-51,20202335
10/03/2020 01:58;437;JOAQUIM DE CARVALHO X JOÃO SALOMONI; ;RUA JOAQUIM DE CARVALHO ;30;-30,11383888;-51,21944436
10/03/2020 01:58;77;ZAFFARI CAVALHADA;3241-2626 ;AV DA CAVALHADA ;3621;-30,10759429;-51,22757941
10/03/2020 01:58;103;PROTÁSIO ALVES X OTÁVIO SANTOS;33861040;R DR OTAVIO SANTOS ;110;-30,04183578;-51,14530855
10/03/2020 01:58;214;BORGES DE MEDEIROS X FERNANDO MACHADO; ;AV BORGES DE MEDEIROS ;929;-30,03483169;-51,22807613
10/03/2020 01:58;390;REPUBLICA X PRAIA DE BELAS; ;RUA DA REPUBLICA ;901;-30,04160769;-51,22801027
10/03/2020 01:58;407;VICENTE DE PAULA D. X BORGES DE MEDEIROS; ;R DR VICENTE DE PAULA DUTRA ;111;-30,0442452;-51,22957592
10/03/2020 01:58;483;Cel. Vicente X Júlio de Castilhos;;R CEL VICENTE;0;-30,024674;-51,22163057
10/03/2020 01:58;88;RECEITA FEDERAL;3227-3799 ;RUA IBANOR TARTAROTTI ;0;-30,03735499;-51,23715363
10/03/2020 01:58;459;AV. GRECIA X AV. FRANCISCO TREIN; ;AV. GRÉCIA S/Nº ;0;-30,01456872;-51,16924482
10/03/2020 01:58;34;ARMANDO BARBEDO X WENCESLAU ESCOBAR;3311-0104 ;R DR ARMANDO BARBEDO ;400;-30,1120402;-51,25521851
10/03/2020 01:58;203;VASCO ALVES X DEMETRIO RIBEIRO; ;R GEN VASCO ALVES ;490;-30,03569;-51,23758466
10/03/2020 01:58;218;JOAQUIM NABUCO X JOSE DO PATROCINIO; ;R JOAQUIM NABUCO ;332;-30,04229844;-51,221638
10/03/2020 01:58;367;LUIZ VOELCKER X CARLOS HUBBER; ;R LUIZ VOELCKER ;281;-30,03695633;-51,17147
10/03/2020 01:58;49;EUGENIO RODRIGUES C/ JOAO ANTONIO DA SILVEIRA;3250-2189 ;R EUGENIO RODRIGUES ;1558;-30,15314511;-51,14833131
10/03/2020 01:58;74;24 DE OUTUBRO X HILÁRIO RIBEIRO;3222-1990 ;R VINTE QUATRO DE OUTUBRO ;474;-30,02646069;-51,20320669
10/03/2020 01:58;3;CARREFOUR PASSO D'AREIA;3341-0629 ;AV PLINIO BRASIL MILANO ;2343;-30,01247529;-51,17137326
10/03/2020 01:58;33;RAMIRO BARCELOS X FREDERICO LINK;3311-4185 ;R CEL FREDERICO LINCK ;25;-30,0297265;-51,20821248
10/03/2020 01:58;89;MARIANTE X MOSTARDEIRO;3222-3560 ;R MARIANTE ;180;-30,02943897;-51,20423884
10/03/2020 01:58;215;HOTEL EVEREST;3225-6269 ;R DUQUE DE CAXIAS ;1319;-30,03367913;-51,22817184
10/03/2020 01:58;28;JUSTIÇA FEDERAL;3286-0316 ;R OTAVIO FRANCISCO CARUSO DA ROCHA ;600;-30,04010069;-51,23477796
10/03/2020 01:58;346;GAUCHOS X ASSIS BRASIL; ;AV DOS GAUCHOS ;2049;-29,99318923;-51,1291307
10/03/2020 01:58;301;AMELIA TELES X NILÓPOLIS; ;R AMELIA TELES ;392;-30,03880257;-51,19100885
10/03/2020 01:58;468;DIRETRIZ 7121 X R JOAO ANTONIO SILVEIRA; ;DIRETRIZ ;7121;-30,1478652;-51,133432
10/03/2020 01:58;344;FLORENCIO YGARTURA X MOSTARDEIRO; ;R DR FLORENCIO YGARTUA ;391;-30,03002164;-51,20302013
10/03/2020 01:58;416;TRAVESSA DO CARMO; ;TRAV DO CARMO ;84;-30,03845878;-51,22600696
10/03/2020 01:58;446;BENNO MENTZ X VINTE E SEIS DE ABRIL; ;R. BENNO MENTZ ;1560;-30,0248466;-51,14662994
10/03/2020 01:58;10;GENERAL CALDWELL X GETÚLIO VARGAS;3233-2503 ;R GEN CALDWELL ;620;-30,05086329;-51,22187839
10/03/2020 01:58;227;CALDAS JUNIOR X ANDRADAS; ;R CALDAS JUNIOR ;261;-30,03069806;-51,23193046
10/03/2020 01:58;373;MIGUEL TOSTES X CABRAL; ;R MIGUEL TOSTES ;621;-30,0336923;-51,2058031
10/03/2020 01:58;376;MUCIO TEIXEIRA X MARCILIO DIAS; ;R MUCIO TEIXEIRA ;699;-30,0512794;-51,22453019
10/03/2020 01:58;46;HOSPITAL ERNESTO DORNELLES;3223-9245 ;AV IPIRANGA ;1801;-30,04721383;-51,21177517
10/03/2020 01:58;64;ZAFFARI F. VIEIRA;3311-3208 ;R FERNANDES VIEIRA ;345;-30,03238028;-51,21095055
10/03/2020 01:58;226;JOAO PESSOA X REPUBLICA; ;AV JOAO PESSOA ;599;-30,03713128;-51,21960001
10/03/2020 01:58;263;HOTEL RADISSON;33882727;AV. CEL. LUCAS DE OLIVEIRA ;995;-30,03125148;-51,19456545
10/03/2020 01:58;449;SERTÓRIO X DONA ALZIRA; ;AV. SERTORIO ;6767;-29,99787862;-51,14001434
10/03/2020 01:58;350;IPIRANGA (HOSPITAL PUC); ;AV IPIRANGA ;6000;-30,05873135;-51,18103701
10/03/2020 01:58;32;JOSÉ DO PATROCÍNIO X REPÚBLICA;3224-8972 ;R JOSE DO PATROCINIO ;413;-30,03902477;-51,22413938
10/03/2020 01:58;14;ADELINO F. JARDIM X MARTIM F. BERTA;3366-8346 ;AV ADELINO FERREIRA JARDIM ;15;-30,02116329;-51,10724664
10/03/2020 01:58;107;ANTONIO GIUDICE X PROTASIO ALVES;3386-4644 ;AV ANTONIO GIUDICE ;115;-30,03808654;-51,12419723
10/03/2020 01:58;173;DIVISA X ICARAÍ; ;AV DIVISA ;480;-30,08468951;-51,2399904
10/03/2020 01:58;293;BORGES DE MEDEIROS X SALGADO FILHO; ;AV BORGES DE MEDEIROS ;450;-30,03052495;-51,22769893
10/03/2020 01:58;404;TULIO DE ROSE X TADEU ONAR; ;AV TULIO DE ROSE ;10;-30,02278188;-51,16324638
10/03/2020 01:58;15;BIG SHOP (SERTÓRIO);3340-4840 ;AV SERTORIO ;6600;-29,99780096;-51,14258119
10/03/2020 01:58;130;LINDÓIA SHOPPING;3347-3610 ;AV PANAMERICANA ;47;-30,00999563;-51,1511133
10/03/2020 01:58;318;CAJU X PROTÁSIO ALVES; ;R CAJU ;23;-30,04359673;-51,18221139
10/03/2020 01:58;379;NUNES X OSCAR PEREIRA; ;R NUNES ;596;-30,06990334;-51,20484947
10/03/2020 01:58;39;PRAÇA PRINCESA ISABEL;3223-1555 ;PCA PRINCESA ISABEL ;0;-30,05077142;-51,21277335
10/03/2020 01:58;78;SOUZA GOMES X WENCESLAU ESCOBAR;3311-9246 ;TRAV GERMANO GARCIA ;10;-30,10989681;-51,25351822
10/03/2020 01:58;254;HOTEL EMBAIXADOR;32801213;R JERONIMO COELHO ;325;-30,03263755;-51,2260527
10/03/2020 01:58;387;PRAIA DE BELAS X BASTIAN; ;AV PRAIA DE BELAS ;1400;-30,05059368;-51,22808184
10/03/2020 01:58;422;PRINCESA ISABEL X GOMES JARDIM; ;AV PRINCESA ISABEL ;771;-30,04715196;-51,20599307
10/03/2020 01:58;37;LAGEADO / NACIONAL;3332-8343 ;AV LAGEADO ;507;-30,0395013;-51,18447489
10/03/2020 01:58;43;JOSÉ DE ALENCAR X GONÇALVES DIAS;3233-1098 ;R JOSE DE ALENCAR ;940;-30,06054695;-51,22200004
10/03/2020 01:58;99;TRÊS DE ABRIL (INSS-IAPI);3341-4593 ;R TRES DE ABRIL ;0;-30,01383192;-51,17843312
10/03/2020 01:58;476;Liberdade x Paraguai ;;R LIBERDADE;227;-30,028339;-51,228538
10/03/2020 01:58;16;HOSPITAL DE CLÍNICAS;3332-5789 ;R RAMIRO BARCELOS ;2350;-30,03993118;-51,20811623
10/03/2020 01:58;98;SPORT CLUB SÃO JOSÉ X ASSIS BRASIL;3341-6211 ;R SPORT CLUB SAO JOSE ;75;-30,01035065;-51,17120099
10/03/2020 01:58;323;CLEMENCIANO BARNASQUE X TERESÓPOLIS; ;AV CLEMENCIANO BARNASQUE ;30;-30,08182521;-51,21162078
10/03/2020 01:58;210;AUGUSTO DE CARVALHO X WASHINGTON LUIS; ;AV AUGUSTO DE CARVALHO ;10;-30,03683289;-51,23264156
10/03/2020 01:58;473;Lima e Silva x Venâncio Aires;;R GEN LIMA E SILVA;1066;-30,028339;-51,228538
10/03/2020 01:58;391;SANTA TEREZINHA X JERONIMO DE ORNELAS; ;R SANTA TEREZINHA ;450;-30,04127414;-51,2100301
10/03/2020 01:58;139;MUCIO TEIXEIRA X BOTAFOGO;3233-8416 ;R MUCIO TEIXEIRA ;515;-30,04952944;-51,22424042
10/03/2020 01:58;42;QUINTINO BOCAIÚVA;3342-7366 ;R QUINTINO BOCAIUVA ;136;-30,01920581;-51,19802291
10/03/2020 01:58;169;ITAPITOCAI X ICARAÍ; ;R ITAPITOCAI ;19;-30,090207;-51,24159533
10/03/2020 01:58;275;DUQUE DE CAXIAS;32242088;R DUQUE DE CAXIAS ;717;-30,03380656;-51,23428935
10/03/2020 01:58;279;REPÚBLICA;3225-5211 ;R DA REPUBLICA ;274;-30,02039249;-51,14527467
10/03/2020 01:58;340;FERNANDO GOMES X PADRE CHAGAS; ;R FERNANDO GOMES ;100;-30,02659907;-51,20507573
10/03/2020 01:58;386;PRAIA DE BELAS X CECILIA MEIRELES 2; ;AV PRAIA DE BELAS ;1181;-30,04894255;-51,22792564
10/03/2020 01:58;193;GETULIO VARGAS;30297310;AV GETULIO VARGAS ;1118;-30,05446328;-51,22236419
10/03/2020 01:58;339;FELIX DA CUNHA X MARQUES DO POMBAL; ;R FELIX DA CUNHA ;901;-30,02101353;-51,20212936
10/03/2020 01:58;343;FLAVIO PAUL X CRISTIANO FISCHER; ;R FLAVIO PAUL ;10;-30,05271145;-51,17037859
10/03/2020 01:58;481;PADRE CACIQUE(GIGANTINHO);;AV PADRE CACIQUE;651;-30,028339;-51,228538
10/03/2020 01:58;461;CRISTÓVÃO C. X FELICISSIMO AZEVEDO; ;R. FELICÍSSIMO DE AZEVEDO ;900;-30,01662405;-51,18869267
10/03/2020 01:58;484;Extinto: Polônia x Pernambuco;;AV POLONIA;822;-30,00942936;-51,20083809
10/03/2020 01:58;87;VASCO DA GAMA X JOÃO TELES;3312-4967 ;R VASCO DA GAMA ;15;-30,03173644;-51,21213703
10/03/2020 01:58;368;LUZITANA X ASSIS BRASIL; ;R LUZITANA ;22;-30,00838405;-51,18424029
10/03/2020 01:58;331;CECILIA, DONA X AZENHA; ;R DONA CECILIA ;18;-30,05766143;-51,21545856
10/03/2020 01:58;211;FERNANDO MACHADO X BORGES DE MEDEIROS; ;R CEL FERNANDO MACHADO ;860;-30,03494854;-51,22902175
10/03/2020 01:58;231;GEN CAMARA X SETE DE SETEMBRO; ;R GEN CAMARA ;156;-30,02912044;-51,22994547
10/03/2020 01:58;426;MANOEL ELIAS; ;AV MANOEL ELIAS ;2006;-30,03349728;-51,12138966
10/03/2020 01:58;462;R. ARACY FROES X R. DR OTAVIO DOS SANTOS; ;R ARACY FROES ;257;-30,0397506;-51,14511367
10/03/2020 01:58;464;AV. SEVERO DULLIUS (PEPSI ON STAGE); ;AV SEVERO DULLIUS ;1995;-29,98824385;-51,17814566
10/03/2020 01:58;188;MANOEL LOBATO X ABELARDO MARQUES; ;R PROF MANOEL LOBATO ;151;-30,06986854;-51,21633409
10/03/2020 01:58;440;CECÍLIO MONZA X HEITOR VIEIRA; ;RUA DOUTOR CECÍLIO MONZA ;137;-30,1541397;-51,13432229
10/03/2020 01:58;255;HOTEL SAVOY;3212-9339 ;AV BORGES DE MEDEIROS ;688;-30,03260473;-51,22779951
10/03/2020 01:58;136;SATURNINO DE BRITO X DOM LUIS GUANELLA;3334-9309 ;AV SATURNINO DE BRITO ;1627;-30,02738763;-51,15068009
10/03/2020 01:58;359;JOSÉ DE ALENCAR X ANTENOR LEMOS; ;R JOSE DE ALENCAR ;259;-30,0597098;-51,22900786
10/03/2020 01:58;431;SÃO GUILHERME X BENTO GONÇALVES; ;R SAO GUILHERME ;6;-30,06259661;-51,16142458
10/03/2020 01:58;11;BOURBON IPIRANGA;3315-4433 ;R DEZOITO DE SETEMBRO ;199;-30,05632473;-51,18669572
10/03/2020 01:58;19;CARREFOUR;3336-0034 ;R ALBION ;111;-30,06083967;-51,16581784
10/03/2020 01:58;5;AEROPORTO SALGADO FILHO;3342-5000 ;AV SEVERO DULLIUS ;90010;-29,98912201;-51,16827361
10/03/2020 01:58;272;PORTO ALEGRE RESIDENCE HOTEL; ;TRAV TUYUTY ;10;-30,03336809;-51,22395012
10/03/2020 01:58;288;LUIZ MANOEL GONZAGA X CARLOS GOMES; ;AV LUIZ MANOEL GONZAGA ;450;-30,03410612;-51,1768623
10/03/2020 01:58;463;AV. ÉRICO VERÍSSIMO X AV. IPIRANGA; ;AV ERICO VERISSIMO ;400;-30,04887096;-51,21808072
10/03/2020 01:58;142;CUBANOS X ALBION;3336-5323 ;AV DOS CUBANOS ;303;-30,05890719;-51,16618288
10/03/2020 01:58;109;INSTITUTO DE CARDIOLOGIA;3223-5434 ;AV PRINCESA ISABEL ;395;-30,0488767;-51,20902872
10/03/2020 01:58;320;CÂNCIO GOMES X SANTOS DUMONT; ;R CANCIO GOMES ;372;-30,01704611;-51,20893102
10/03/2020 01:58;29;FÉLIX DA CUNHA X CRISTÓVÃO COLOMBO;3222-2290 ;R FELIX DA CUNHA ;561;-30,01813984;-51,2023972
10/03/2020 01:58;111;SÃO PEDRO X PRESIDENTE ROOSEVELT;3343-5512 ;AV SAO PEDRO;531;-30,00990619;-51,20375356
10/03/2020 01:58;93;EURICO LARA X JOSÉ DE ALENCAR;3233-0213 ;R EURICO LARA ;51;-30,06027566;-51,21693329
10/03/2020 01:58;84;SÃO FRANCISCO X VICENTE DA FONTOURA;3223-4312 ;R VICENTE DA FONTOURA ;1500;-30,04758886;-51,19985023
10/03/2020 01:58;474;Casemiro de Abreu x Bordini, Cel ;;R CASEMIRO DE ABREU;1233;-30,028339;-51,228538
10/03/2020 01:58;470;Félix da Cunha (Anexo);;R FELIX DA CUNHA;681;-30,028339;-51,228538
10/03/2020 01:58;408;24 DE OUTUBRO X OLAVO BARRETO VIANA; ;R VINTE QUATRO DE OUTUBRO ;722;-30,02470849;-51,20104474
10/03/2020 01:58;423;JOÃO GUIMARÃES X PROTÁSIO ALVES; ;R JOAO GUIMARAES ;87;-30,03972025;-51,20150191
10/03/2020 01:58;9;CRISTÓVÃO COLOMBO/FELICÍSSIMO DE AZEVEDO;3342-1733 ;AV CRISTOVAO COLOMBO ;3187;-30,01757956;-51,18835993
10/03/2020 01:58;95;LAURO MÜLLER X A. J. RENNER;3374-2070 ;R LAURO MULLER ;560;-29,99702272;-51,19619605
10/03/2020 01:58;364;LIBERO BADARO X ANITA GARIBALDI; ;R LIBERO BADARO ;420;-30,02154432;-51,17129969
10/03/2020 01:58;441;PRESÍDIO CENTRAL; ;RUA DO PRESÍDIO ;476;-30,07370513;-51,1834641
10/03/2020 01:58;286;DOMINGOS CRESCÊNCIO X SANTANA; ;R DOMINGOS CRESCENCIO ;358;-30,04911766;-51,20667787
10/03/2020 01:58;371;MARIANTE X CASEMIRO DE ABREU; ;R MARIANTE ;399;-30,03129496;-51,20426243
10/03/2020 01:58;50;NACIONAL LEOPOLDINA;3366-1183 ;R DR ROMAGUERA DA CUNHA CORREA ;11;-30,01538577;-51,11194517
10/03/2020 01:58;300;SÃO MIGUEL X APARICIO BORGES; ;RUA SÃO MIGUEL ;220;-30,07271039;-51,19253853
10/03/2020 01:58;349;GOETHE X MOSTARDEIRO; ;AV GOETHE ;0;-30,02956935;-51,20114397
10/03/2020 01:58;124;SÃO LUIZ X IPIRANGA;3223-3944 ;R SAO LUIZ ;96;-30,04449755;-51,20662431
10/03/2020 01:58;317;CABRAL X JOAQUIM PEDRO SALGADO; ;R CABRAL ;1009;-30,03491368;-51,19793978
10/03/2020 01:58;260;MILLENIUM FLAT;3223-3340 ;R DR ALTER CINTRA DE OLIVEIRA ;0;-30,0548525;-51,22892875
10/03/2020 01:58;418;FABRICIO PILAR X ARTHUR ROCHA; ;R TEN CEL FABRICIO PILAR ;800;-30,02542092;-51,18925201
10/03/2020 01:58;75;SANTO ANTONIO; ;R SANTO ANTONIO ;782;-30,03209764;-51,21425087
10/03/2020 01:58;233;URUGUAI X SIQUEIRA CAMPOS; ; RUA URUGUAI ;155;-30,02816459;-51,22896591
10/03/2020 01:58;53;PORTO SECO;3340-9519 ;AV DANTE ANGELO PILLA ;98;-30,01416782;-51,11911626
10/03/2020 01:58;82;JERÔNIMO DE ORNELAS X JOÃO PESSOA;3223-4852 ;AV JERONIMO DE ORNELAS ;14;-30,04331504;-51,21449115
10/03/2020 01:58;26;ZAFFARI HIGIENÓPOLIS;3328-7880 ;AV PLINIO BRASIL MILANO ;1000;-30,02078971;-51,18132005
10/03/2020 01:58;104;PAULINO TEIXEIRA X PROTÁSIO ALVES;3331-9633 ;R CEL PAULINO TEIXEIRA ;423;-30,0380989;-51,20321511
10/03/2020 01:58;332;CEFER II X ANTONIO DE CARVALHO; ;RUA UM - CEFER II ;10;-30,05353444;-51,14707008
10/03/2020 01:58;381;PALMIRA GOBBI X BONIFACIO NUNES; ;AV PALMIRA GOBBI ;990;-29,97866611;-51,18904287
10/03/2020 01:58;4;TRIÂNGULO;3340-0110 ;R GOMES DE FREITAS ;72;-30,01075029;-51,14303018
10/03/2020 01:58;240;DR FLORES X SEN SALGADO FILHO; ;R DR FLORES ;449;-30,00763128;-51,1528061
10/03/2020 01:58;264;HOTEL INTERCITY;3337-2140 ;R PROF SARMENTO BARATA ;297;-29,99828483;-51,19399839
10/03/2020 01:58;163;CAVALHADA X EDUARDO PRADO; ;AV. DA CAVALHADA ;5088;-30,12065084;-51,22453501
10/03/2020 01:58;217;ANDRE BELO X GETULIO VARGAS; ;R CEL ANDRE BELO ;705;-30,04651736;-51,22198028
10/03/2020 01:58;274;HOTEL LANCASTER;3212-7267 ;R GEN ANDRADE NEVES ;159;-30,0307718;-51,22822459
10/03/2020 01:58;273;VICENTE DA FONTOURA;3232-7848 ;R VICENTE DA FONTOURA ;1164;-30,04918721;-51,20282887
10/03/2020 01:58;338;CARLOS VON KOSERITZ X CRISTOVÃO COLOMBO; ;R FELICISSIMO DE AZEVEDO ;1020;-30,01776137;-51,18859134
10/03/2020 01:58;194;VISCONDE DO HERVAL X GETULIO VARGAS; ;R VISCONDE DO HERVAL ;690;-30,05323474;-51,22206739
10/03/2020 01:58;212;PRAÇA MARECHAL DEODORO X DUQUE DE CAXIAS; ;PRAÇA MARECHAL DEODORO ;101;-30,03234347;-51,23012647
10/03/2020 01:58;242;DR FLORES X ANDRADAS; ;R DR FLORES ;263;-30,0067965;-51,15251777
10/03/2020 01:58;312;BENTO GONÇALVES X APARICIO BORGES; ;AV BENTO GONCALVES ;2905;-30,06305984;-51,18637333
10/03/2020 01:58;38;ALFA X PROTÁSIO ALVES;3334-4212 ;R ALFA ;55;-30,03831021;-51,17295746
10/03/2020 01:58;58;REPUBLICA X JOÃO PESSOA;3227-4355 ;R DA REPUBLICA ;24;-30,03645684;-51,22032597
10/03/2020 01:58;138;SILVADO X BENTO GONÇALVES;3315-3504 ;R TEN ALPOIM ;39;-30,06534246;-51,18193472
10/03/2020 01:58;297;ANGELO CORSO X CEL MASSOT; ;R. ANGELO CORSO ;5;-30,09756456;-51,23381977
10/03/2020 01:58;250;CARLOS CHAGAS X JULIO DE CASTILHOS; ;R CARLOS CHAGAS ;55;-30,02489098;-51,22292284
10/03/2020 01:58;479; Rua Jorge Babot Miranda x Av. Juca Batista;;R JORGE BABOT MIRANDA;80;-30,028339;-51,228538
10/03/2020 01:58;361;JOSÉ FERREIRA DA SILVA X BENTO GONÇALVES; ;R DR JOSE FERREIRA DA SILVA ;100;-30,06236823;-51,18764759
10/03/2020 01:58;259;HOTEL HOLIDAY;3388-4728 ;AV CARLOS GOMES ;565;-30,02686522;-51,1821409
10/03/2020 01:58;336;FARRAPOS X HOFFMANN; ;AV FARRAPOS;1295;-30,01933559;-51,20997915
10/03/2020 01:58;307;ASSIS BRASIL X SERTÓRIO; ;AV ASSIS BRASIL ;8282;-29,98224259;-51,11576054
10/03/2020 01:58;137;JOÃO ALFREDO X REPÚBLICA;3211-2260 ;R DA REPUBLICA ;677;-30,04023087;-51,22594601
10/03/2020 01:58;435;BOULEVARD STRIP CENTER; ;AV ASSIS BRASIL ;4320;-30,00892919;-51,14349772
10/03/2020 01:58;92;MARILAND X 24 DE OUTUBRO;3342-4398 ;AV MARILAND ;815;-30,02205292;-51,19391506
10/03/2020 01:58;342;DONA FIRMINA X BENTO GONÇALVES; ;RUA DONA FIRMINA ;11;-30,06192836;-51,17123063
